title,author,image_url,category_id
Dream level,Amanda Miller,"https://source.unsplash.com/200x300/?book,0",4
Fall policy career,Tim Myers,"https://source.unsplash.com/200x300/?book,1",3
Heart article,Michael Hoover,"https://source.unsplash.com/200x300/?book,2",2
Factor,Jessica Mcdonald,"https://source.unsplash.com/200x300/?book,3",1
Law population energy,Sarah Anderson,"https://source.unsplash.com/200x300/?book,4",4
Against center,Kayla Young,"https://source.unsplash.com/200x300/?book,5",1
Claim suffer amount color,Savannah Roberts,"https://source.unsplash.com/200x300/?book,6",2
Him fund six,Paul Haley,"https://source.unsplash.com/200x300/?book,7",4
Woman western down,Michaela Steele,"https://source.unsplash.com/200x300/?book,8",2
Effort,Tiffany Daniel,"https://source.unsplash.com/200x300/?book,9",1
Middle interesting,Taylor Velez,"https://source.unsplash.com/200x300/?book,10",4
Agree American decision,Michelle Newton,"https://source.unsplash.com/200x300/?book,11",5
Activity action with,Jason Mejia,"https://source.unsplash.com/200x300/?book,12",4
Through minute,Brandon Thomas,"https://source.unsplash.com/200x300/?book,13",1
White begin,David Carter,"https://source.unsplash.com/200x300/?book,14",5
Represent whom economy,Patricia Hayden,"https://source.unsplash.com/200x300/?book,15",2
Western performance,Thomas Dunlap,"https://source.unsplash.com/200x300/?book,16",3
Six current leader,Susan James,"https://source.unsplash.com/200x300/?book,17",2
Individual professional,Leslie Juarez,"https://source.unsplash.com/200x300/?book,18",3
Man the trouble,Jennifer Rose,"https://source.unsplash.com/200x300/?book,19",4
Charge sound smile,Carrie Bowman,"https://source.unsplash.com/200x300/?book,20",3
Population soon,Dominique Miller,"https://source.unsplash.com/200x300/?book,21",1
Read arm,Nichole Miller,"https://source.unsplash.com/200x300/?book,22",1
Yes either,Michael Brown,"https://source.unsplash.com/200x300/?book,23",4
Provide side least,Brenda Gilbert,"https://source.unsplash.com/200x300/?book,24",4
Interview party fast,Corey Burke,"https://source.unsplash.com/200x300/?book,25",3
Similar administration,Tina Martin,"https://source.unsplash.com/200x300/?book,26",1
Throw answer,Pamela Woods,"https://source.unsplash.com/200x300/?book,27",5
Cover,Jim White,"https://source.unsplash.com/200x300/?book,28",2
Write any enter,Mark Ryan,"https://source.unsplash.com/200x300/?book,29",1
Exactly difference value,Ronald Burgess,"https://source.unsplash.com/200x300/?book,30",4
Both authority,Kathleen Glass,"https://source.unsplash.com/200x300/?book,31",1
Television north training,Carla Dean,"https://source.unsplash.com/200x300/?book,32",2
Care stop,Ashley Wilson,"https://source.unsplash.com/200x300/?book,33",4
Character manager,Randy Thompson,"https://source.unsplash.com/200x300/?book,34",4
Pay think,Jeffrey Garcia,"https://source.unsplash.com/200x300/?book,35",1
Car to,Glenda Jordan,"https://source.unsplash.com/200x300/?book,36",2
Less hear class investment,Arthur Smith,"https://source.unsplash.com/200x300/?book,37",2
Behind rest page,Victoria Thornton,"https://source.unsplash.com/200x300/?book,38",1
Million free,Bonnie Jefferson,"https://source.unsplash.com/200x300/?book,39",2
Allow amount trade want,Travis Walker,"https://source.unsplash.com/200x300/?book,40",5
Continue although fill,Kelsey Hansen,"https://source.unsplash.com/200x300/?book,41",2
Feel could,Amber Shields,"https://source.unsplash.com/200x300/?book,42",5
Window TV,Victor Williamson,"https://source.unsplash.com/200x300/?book,43",3
Site argue be,Emily Diaz,"https://source.unsplash.com/200x300/?book,44",5
Sell safe thus,Kenneth Webster,"https://source.unsplash.com/200x300/?book,45",5
Evening with,Tiffany Wiggins,"https://source.unsplash.com/200x300/?book,46",3
Operation small space,Andrew Hernandez,"https://source.unsplash.com/200x300/?book,47",1
Whatever person,Jessica Chan,"https://source.unsplash.com/200x300/?book,48",3
Risk discuss listen,Lisa Russell,"https://source.unsplash.com/200x300/?book,49",3
I pretty citizen,Michael Goodman,"https://source.unsplash.com/200x300/?book,50",3
Sister friend instead,Brandon Sanders,"https://source.unsplash.com/200x300/?book,51",5
Business economy base,Jennifer Serrano,"https://source.unsplash.com/200x300/?book,52",1
Why,Julie Ross,"https://source.unsplash.com/200x300/?book,53",4
Item increase,Mary Burton,"https://source.unsplash.com/200x300/?book,54",3
Dinner war,Miranda Walton,"https://source.unsplash.com/200x300/?book,55",2
Ok anything into,Alexander West MD,"https://source.unsplash.com/200x300/?book,56",3
Management six though,Laurie Smith,"https://source.unsplash.com/200x300/?book,57",5
Place,Anthony Russell,"https://source.unsplash.com/200x300/?book,58",1
Class end,Kimberly Bryant,"https://source.unsplash.com/200x300/?book,59",5
Drop because,Mallory Mccall,"https://source.unsplash.com/200x300/?book,60",2
Throw purpose,Michele Hughes,"https://source.unsplash.com/200x300/?book,61",5
Red media economic,Benjamin Richards,"https://source.unsplash.com/200x300/?book,62",3
Newspaper,Jesus Gay,"https://source.unsplash.com/200x300/?book,63",3
Themselves bad few,Kayla Valencia,"https://source.unsplash.com/200x300/?book,64",5
Production policy model,Angela Ramsey,"https://source.unsplash.com/200x300/?book,65",1
Risk man,William Cobb,"https://source.unsplash.com/200x300/?book,66",1
Rock knowledge type,Wendy Henderson,"https://source.unsplash.com/200x300/?book,67",1
Region ten,Heather Jones,"https://source.unsplash.com/200x300/?book,68",5
Soldier,Melissa Bennett,"https://source.unsplash.com/200x300/?book,69",1
Wrong usually dark,Jeanne Wilcox,"https://source.unsplash.com/200x300/?book,70",3
Market choice figure,Sheila Jones,"https://source.unsplash.com/200x300/?book,71",4
End stage go,Cynthia Boyd,"https://source.unsplash.com/200x300/?book,72",5
Mouth perform quickly,Ronald Evans,"https://source.unsplash.com/200x300/?book,73",5
Foot trouble,Joseph Webb,"https://source.unsplash.com/200x300/?book,74",4
Issue whose finally,Jennifer Rodriguez,"https://source.unsplash.com/200x300/?book,75",4
When wish total,David Brooks,"https://source.unsplash.com/200x300/?book,76",5
Against doctor than,Christina Taylor,"https://source.unsplash.com/200x300/?book,77",3
Write money important,Gregory Lee,"https://source.unsplash.com/200x300/?book,78",5
Minute population,Francisco Obrien,"https://source.unsplash.com/200x300/?book,79",1
Discuss baby sense,Lisa Erickson,"https://source.unsplash.com/200x300/?book,80",5
Leader until just,Alicia Wong,"https://source.unsplash.com/200x300/?book,81",2
Goal include scientist,Christopher Wolf,"https://source.unsplash.com/200x300/?book,82",5
Travel green,Steven Willis,"https://source.unsplash.com/200x300/?book,83",3
So of,Lisa Fuentes,"https://source.unsplash.com/200x300/?book,84",3
Bit term appear,Francis Davis,"https://source.unsplash.com/200x300/?book,85",4
Name relate,Chelsea Jackson,"https://source.unsplash.com/200x300/?book,86",2
Less cold commercial,Jacob Moreno,"https://source.unsplash.com/200x300/?book,87",2
American,Max Cook,"https://source.unsplash.com/200x300/?book,88",4
Win of both,Robert Leon,"https://source.unsplash.com/200x300/?book,89",4
Bring respond,Jennifer Riley,"https://source.unsplash.com/200x300/?book,90",4
Turn design company,Mrs. Ashley Vargas,"https://source.unsplash.com/200x300/?book,91",1
People morning,Randall Blair,"https://source.unsplash.com/200x300/?book,92",5
Anything money president,Marcus Joyce,"https://source.unsplash.com/200x300/?book,93",4
Consumer,Mrs. Felicia Wang DDS,"https://source.unsplash.com/200x300/?book,94",1
Interesting environmental bring arrive,Katrina Holt,"https://source.unsplash.com/200x300/?book,95",1
Senior hotel interview,Dennis Taylor,"https://source.unsplash.com/200x300/?book,96",5
Stop always not,Bradley Garcia,"https://source.unsplash.com/200x300/?book,97",1
Baby degree human,James Riley,"https://source.unsplash.com/200x300/?book,98",2
Clear send,Kenneth Sanchez,"https://source.unsplash.com/200x300/?book,99",2
Amount ground boy lot,Mrs. Norma Young PhD,"https://source.unsplash.com/200x300/?book,100",1
